Name;Address;Prodotto
macelleria i lepini di fr.lli saccucci srl;Via Casalotto, 5, Cori;Prosciutto-1.glb
Azienda Nardi;Via dei Lavoratori, 135, Cori;Prosciutto-2.glb
Az.agricola il melograno di Ricci Maurizio;Via Madonna delle Grazie, 6b, Cori;
Az.Agricola i lori ;Via Provinciale Cori-Norma, Cori;
Frantoio Appetito;via degli artigiani, 8, Cori;OlioLuigiAppetito.glb
Molino7cento;Contrada Sant'Angelo, 36, Cori;
Cincinnato;Via Stoza, 3, Cori;
Marco Carpineti;S.P. Velletri-Anzio 3, Cori;Vino.glb
Az.Agricola Antocchi;Contrada Valle Saggatti, 112, Cori;olive.glb
Biscottificio Alessi Ernesto;via della Stazione di Cori, 25/27, Cori;BiscottoGrande.glb
Antiquacora;Via Della Stazione di Cori,1, Cori;Biscotti.glb
Luca Saccucci srl;Via Giovanni Boccaccio, 8, Cori;MieleSaccucci.glb
Az.agricola Corvi Elisa;Localit√† Pozzo Cataldo, Cori;Marmellata.glb
trattoria da checco;Via della Repubblica, 174, Cori;ZuppaChecco.glb
ristorante zampi srl;Via Giacomo Leopardi, 17, Cori;